{"frames": [

{
	"filename": "bang.png",
	"frame": {"x":0,"y":0,"w":120,"h":89},
	"rotated": false,
	"trimmed": false,
	"spriteSourceSize": {"x":0,"y":0,"w":120,"h":89},
	"sourceSize": {"w":120,"h":89}
},
{
	"filename": "laserBlue01.png",
	"frame": {"x":0,"y":89,"w":9,"h":54},
	"rotated": false,
	"trimmed": false,
	"spriteSourceSize": {"x":0,"y":0,"w":9,"h":54},
	"sourceSize": {"w":9,"h":54}
},
{
	"filename": "meteorBrown_big1.png",
	"frame": {"x":9,"y":89,"w":101,"h":84},
	"rotated": false,
	"trimmed": false,
	"spriteSourceSize": {"x":0,"y":0,"w":101,"h":84},
	"sourceSize": {"w":101,"h":84}
},
{
	"filename": "meteorBrown_med1.png",
	"frame": {"x":0,"y":173,"w":43,"h":43},
	"rotated": false,
	"trimmed": false,
	"spriteSourceSize": {"x":0,"y":0,"w":43,"h":43},
	"sourceSize": {"w":43,"h":43}
},
{
	"filename": "meteorBrown_small1.png",
	"frame": {"x":43,"y":173,"w":28,"h":28},
	"rotated": false,
	"trimmed": false,
	"spriteSourceSize": {"x":0,"y":0,"w":28,"h":28},
	"sourceSize": {"w":28,"h":28}
},
{
	"filename": "playerShip1_blue.png",
	"frame": {"x":0,"y":216,"w":99,"h":75},
	"rotated": false,
	"trimmed": false,
	"spriteSourceSize": {"x":0,"y":0,"w":99,"h":75},
	"sourceSize": {"w":99,"h":75}
}],
"meta": {
	"app": "https://www.codeandweb.com/texturepacker",
	"version": "1.0",
	"image": "spriteatlas.png",
	"format": "RGBA8888",
	"size": {"w":120,"h":291},
	"scale": "1",
	"smartupdate": "$TexturePacker:SmartUpdate:b021d37a40f99668004ea9b4a22d5c7c:f9dc858889a037566da8fa55ca0b3770:1fd55e2fd82dd1a0f07657f786644695$"
}
}
