{
	"root": {
		"name": "_root",
		"transform": {
			"position": [0, 0, 0],
			"rotation": [0, 0, 0],
			"scale": [1, 1, 1]
		},
		"components": [],
		"children": [
			{
				"name": "camera",
				"transform": {
					"position": [1, 0, 1.5],
					"rotation": [0, 0, 0],
					"scale": [1, 1, 1]
				},
				"components": [
					{
						"typeId": "CAMERA",
						"serializedData": {
							"projectionType": 1,
							"projectionParams": [45,0.1,1000]
						}
					},
					{
						"typeId": "CONTROLLER",
						"serializedData": {
							"movSpeed": 5,
							"rotSpeed": 2.5
						}
					}
				],
				"children": []
			},
			{
				"name": "layout",
				"transform": {
					"position": [0, 0, 0],
					"rotation": [0, 0, 0],
					"scale": [1, 1, 1]
				},
				"components": [
					{
						"typeId": "LEVEL_LAYOUT",
						"serializedData": {
							"layout": [
								[ 0,  2,  4,  6,  8, 10, 12, 14, 16,  0],
								[52, -1, -1, -1, -1, -1, -1, -1, -1, 18],
								[50, -1, -1, -1, -1, -1, -1, -1, -1, 20],
								[48, -1, -1, -1, -1, -1, -1, -1, -1, 22],
								[46, -1, -1, -1, -1, -1, -1, -1, -1, 24],
								[44, -1, -1, -1, -1, -1, -1, -1, -1, 26],
								[ 0, 42, 40, 38, 36, 34, 32, 30, 28,  0]
							]
						}
					}
				],
				"children": []
			}
		]
	}
}